{
 
"pickups_label": "No Car",
  
"dropoffs_label": "Car",
"modal_title": "Uber and Lyft in San Francisco",
"modal_content": "This is an estimate of the number of TNC (Uber and Lyft) pickups and dropoffs in San Francisco by location and by time of day.",
"right_panel_title": "BEAM SIM DATA EXPLORER",
"right_panel_choose_mode": "CHOOSE TRANSPORTATION MODE: ",
"right_panel_choose_day": "CHOOSE DAY OF WEEK: ",
"right_panel_stats_tittle": "SUMMARY STATISTICS: ",
"right_panel_stats_detail": " energy used by ",
"right_panel_footer": "The Modeling Framework for Behavior, Energy, Autonomy, and Mobility",
"color_scale_label": "Transportation energy comsumption (1000s megajule ? per sq_mile)",
"days_labels": ["Mo","Tu","We","Th","Fr","Sa","Su"],
"weekdays_labels" : ["Mondays" ,"Tuesday","Wednesday","Thursday","Friday","Saturday","Sunday"]

}